id,Ycoordinate,Xcoordinate,elevation,slope,aspect
1,51.08131127,7.973530385,,,
2,51.10959924,8.288439504,,,
3,51.23324841,8.047388426,,,
4,51.04710275,8.408843285,,,
5,50.97249618,8.416251669,,,
6,51.17311152,7.935540163,,,
7,51.12328186,8.103765046,,,
8,51.08670239,8.362334117,,,
9,50.98519566,8.36159507,,,
10,51.05050418,8.493376373,,,
11,51.1371632,8.466983585,,,
12,51.15459115,7.978513963,,,
13,50.97503646,8.408631368,,,
14,51.08712807,7.853102081,,,
15,51.07349464,8.081923283,,,
16,51.07059431,8.260212553,,,
17,51.10761343,8.26481232,,,
18,51.2379976,8.026240653,,,
19,51.14641266,8.077998398,,,
20,51.06694988,8.403064667,,,
21,51.12136506,8.313336974,,,
22,51.10673942,8.485122643,,,
23,51.10012777,8.3163288,,,
24,51.05452964,8.234258103,,,
25,51.01772321,8.21576798,,,
26,51.08557176,8.249652676,,,
27,51.10934716,8.411502515,,,
28,51.04910894,8.319460097,,,
29,51.03184206,8.236685229,,,
30,51.17348916,7.880729999,,,
31,50.9796217,8.381995403,,,
32,50.97175511,8.272403616,,,
33,51.09061134,8.12649975,,,
34,50.93259931,8.363373976,,,
35,51.08647102,8.465936908,,,
36,51.10134444,8.246832749,,,
37,51.11464473,8.010404184,,,
38,51.08729658,8.217453567,,,
39,51.07476396,8.340383083,,,
40,51.10512951,8.217770201,,,
41,51.11347218,8.373041381,,,
42,51.03947098,8.460689116,,,
43,50.9690186,8.417876555,,,
44,51.1684871,7.927107633,,,
45,51.10885244,8.365287604,,,
46,51.11092776,8.178618941,,,
47,51.00813024,8.316910769,,,
48,51.02251764,8.445781884,,,
49,51.06509976,8.270666717,,,
50,51.21289771,8.010470498,,,
51,51.13835031,8.186475277,,,
52,51.11424974,8.109994811,,,
53,51.07718024,8.256258808,,,
54,51.10931893,8.15917766,,,
55,51.14223214,8.499148701,,,
56,50.9839876,8.444358296,,,
57,51.02591583,8.405077469,,,
58,50.93308454,8.289952053,,,
59,51.22455364,8.002001094,,,
60,51.22429089,8.106162035,,,
61,50.94090446,8.301544405,,,
62,51.17852574,8.051417885,,,
63,51.0882396,7.954051335,,,
64,51.14901556,8.189397713,,,
65,51.10785748,8.317848679,,,
66,51.11390032,8.105672197,,,
67,51.12936911,8.09953143,,,
68,51.04747556,8.24389554,,,
69,51.09387453,8.294619258,,,
70,51.2456309,8.104140927,,,
71,51.23130005,8.139223716,,,
72,51.10804934,8.081183686,,,
73,51.09341999,8.373980349,,,
74,51.09973213,8.318814315,,,
75,51.14098987,8.487177086,,,
76,51.07888197,8.25113782,,,
77,50.9297867,8.301979437,,,
78,51.08873873,7.908681635,,,
79,50.93226412,8.391016885,,,
80,51.08224869,7.973961702,,,
81,51.14704066,7.861490354,,,
82,50.93475063,8.304198678,,,
83,51.09282667,8.358116271,,,
84,51.0719687,8.460475776,,,
85,51.05349007,8.348034851,,,
86,51.12054799,8.080570328,,,
87,51.2300023,7.97604958,,,
88,51.12302742,8.37436003,,,
89,51.08922999,8.232048938,,,
90,51.02899453,8.397166335,,,
91,51.21925777,7.965137515,,,
92,51.14738878,8.489844133,,,
93,51.10594227,8.15557947,,,
94,51.11685591,8.203236173,,,
95,51.07387226,8.453063489,,,
96,51.08634417,7.840983967,,,
97,50.98924222,8.427626753,,,
98,51.01642312,8.328405944,,,
99,51.09254579,8.121001105,,,
100,51.14019287,8.030610106,,,
101,50.93694715,8.286829982,,,
102,51.09833449,8.323367591,,,
103,51.20523643,8.094865435,,,
104,51.08075705,8.024968713,,,
105,51.00318213,8.30993166,,,
106,51.12250832,7.855345922,,,
107,51.03552536,8.458142858,,,
108,51.14946288,8.181786798,,,
109,50.99995709,8.432825102,,,
110,51.10763684,8.027346761,,,
111,51.102958,8.183153756,,,
112,51.1255604,7.953724143,,,
113,51.01913192,8.271165638,,,
114,51.10228747,8.034355333,,,
115,51.08938757,8.29691283,,,
116,51.1796292,8.097173368,,,
117,51.11380902,8.082657111,,,
118,51.09091497,8.363869504,,,
119,50.98100298,8.275579058,,,
120,51.07246505,8.022825396,,,
121,51.02154748,8.356083559,,,
122,51.09920728,8.303215627,,,
123,51.04776704,8.345972178,,,
124,51.10464824,7.919812615,,,
125,51.05424838,8.460283292,,,
126,51.00277818,8.467447567,,,
127,51.1176368,7.98747357,,,
128,51.05850709,8.482943343,,,
129,51.08003686,7.834070136,,,
130,51.08218557,8.054266965,,,
131,51.0423751,8.28073263,,,
132,50.98617786,8.372347841,,,
133,51.02260657,8.529911126,,,
134,50.97322924,8.379860626,,,
135,51.12628123,7.86440818,,,
136,51.07889912,7.906611926,,,
137,51.22030645,8.014746017,,,
138,50.95383183,8.350034305,,,
139,51.16038062,7.890306079,,,
140,51.05806221,8.312326612,,,
141,50.98588834,8.447630077,,,
142,51.17264529,7.835007062,,,
143,51.02629795,8.379234114,,,
144,51.02230365,8.484728459,,,
145,51.13450643,8.129033059,,,
146,51.06434251,8.421224513,,,
147,51.16668715,7.902629094,,,
148,51.1200477,8.467797214,,,
149,51.15289533,7.990406135,,,
150,51.08704719,8.497666655,,,
151,51.18522176,7.994872806,,,
152,51.12056561,8.158040944,,,
153,51.04853925,8.426893486,,,
154,50.94948495,8.417642875,,,
155,51.03163004,8.401717365,,,
156,51.0417762,8.489017894,,,
157,51.22195064,8.008128261,,,
158,51.1068831,8.373102056,,,
159,51.1637147,8.042943505,,,
160,51.08772753,8.007616786,,,
161,51.2112077,7.928461779,,,
162,51.10124477,7.914143754,,,
163,51.01997926,8.25918816,,,
164,51.02249415,8.219009513,,,
165,51.06540756,8.500964348,,,
166,51.11076503,7.992404232,,,
167,51.17910319,8.046306744,,,
168,51.10346323,8.002647208,,,
169,50.97392467,8.435152252,,,
170,51.08091804,8.232292045,,,
171,51.23617445,7.994379403,,,
172,51.07348905,7.896980012,,,
173,50.97432926,8.310485945,,,
174,51.21895755,7.982756336,,,
175,51.02241047,8.340619011,,,
176,51.10654031,8.025803582,,,
177,51.15888544,7.918979235,,,
178,51.0547469,8.346763377,,,
179,51.00160026,8.505672849,,,
180,51.09140338,8.114131309,,,
181,51.10600981,8.162836089,,,
182,51.14535445,8.491956321,,,
183,51.03161208,8.206418374,,,
184,51.10294293,8.032768646,,,
185,51.07593108,8.351302582,,,
186,51.24169431,7.936338349,,,
187,51.15523412,7.839354236,,,
188,51.19791962,8.052342702,,,
189,50.99356315,8.441114807,,,
190,51.02461904,8.358361438,,,
191,51.09296569,8.395526017,,,
192,51.11998576,8.136237295,,,
193,51.16424285,7.843765835,,,
194,51.20627061,8.093844166,,,
195,51.00949171,8.380991656,,,
196,50.97617462,8.382179151,,,
197,50.99675476,8.281513628,,,
198,51.01926237,8.205379673,,,
199,51.20317899,7.979547126,,,
200,51.2275595,8.022983816,,,
201,51.11988892,8.315107141,,,
202,50.98197568,8.414951565,,,
203,51.13955301,8.502397085,,,
204,51.11687011,8.126087987,,,
205,51.23806217,7.923776733,,,
206,51.05604653,8.305145032,,,
207,51.07946028,8.032741312,,,
208,51.2101224,8.087851752,,,
209,51.10980327,8.424867174,,,
210,50.97727243,8.383281468,,,
211,51.10386805,7.938258663,,,
212,51.19033663,8.069203496,,,
213,51.09405642,7.961303779,,,
214,51.0329866,8.319138482,,,
215,51.029611,8.44625793,,,
216,51.11865502,8.093315598,,,
217,51.17637802,8.060600467,,,
218,51.2000002,7.934385176,,,
219,50.95890731,8.421823105,,,
220,51.1113684,8.262837115,,,
221,50.94383498,8.42979421,,,
222,51.1264205,8.09293779,,,
223,51.17118432,8.035555575,,,
224,51.07780365,8.241603105,,,
225,51.14255077,8.120572698,,,
226,51.04060102,8.281840178,,,
227,50.99006455,8.470624167,,,
228,51.02843918,8.299440311,,,
229,51.13949234,8.449656851,,,
230,51.0546713,8.237379633,,,
231,51.10474063,8.420075201,,,
232,50.96476289,8.433569136,,,
233,51.02189508,8.39831453,,,
234,51.02837854,8.210389065,,,
235,51.03449983,8.464418018,,,
236,51.05210113,8.46251872,,,
237,51.08825917,7.967979139,,,
238,51.16498431,8.124429117,,,
239,51.16317216,8.048883359,,,
240,51.24508955,7.976140054,,,
241,51.03014525,8.282306826,,,
242,51.04031678,8.275321102,,,
243,51.21341553,8.026524993,,,
244,51.10351151,8.451692813,,,
245,51.10919033,7.882866355,,,
246,51.09436075,8.120329582,,,
247,50.97095296,8.368364748,,,
248,51.11554586,8.22098264,,,
249,51.13082136,8.177547298,,,
250,51.22275385,8.002569983,,,
251,51.1209878,8.2518843,,,
252,51.04379927,8.355196684,,,
253,51.03713151,8.489325321,,,
254,51.09757638,7.97523402,,,
255,51.09002038,8.374032221,,,
256,51.17696913,8.090548946,,,
257,51.07025856,8.238389288,,,
258,51.12104707,8.432698705,,,
259,51.24270904,8.052158721,,,
260,51.03867864,8.243216408,,,
261,51.01167206,8.331793836,,,
262,51.23538895,7.977019806,,,
263,51.11289871,8.291766653,,,
264,51.18219099,8.062827577,,,
265,51.18085566,7.994282205,,,
266,51.01703178,8.222194357,,,
267,51.10528924,7.930846025,,,
268,51.15017303,8.450802889,,,
269,50.93545333,8.401366481,,,
270,50.9527776,8.310539854,,,
271,50.94747292,8.368870651,,,
272,51.0314719,8.403196032,,,
273,51.09109123,7.92381978,,,
274,51.14877529,8.432830199,,,
275,51.07882205,7.886589115,,,
276,51.20480806,8.031825016,,,
277,51.03097886,8.512625249,,,
278,51.11991575,8.277772221,,,
279,51.10994656,8.012681495,,,
280,51.17245815,7.878377853,,,
281,51.10470473,8.381802557,,,
282,50.92901886,8.375695757,,,
283,50.96717685,8.350624755,,,
284,51.077095,8.210134891,,,
285,51.04868008,8.48172809,,,
286,51.00868246,8.455603119,,,
287,51.1074542,8.378415945,,,
288,51.10412588,7.974052609,,,
289,50.92833493,8.364874289,,,
290,51.12902363,8.190388721,,,
291,51.10176642,8.460162506,,,
292,51.22269093,8.066653265,,,
293,51.11462552,7.892599911,,,
294,51.2479164,8.137686431,,,
295,51.11851725,7.933757757,,,
296,51.08425645,7.880985607,,,
297,51.12341938,7.942786977,,,
298,51.08299701,8.350928848,,,
299,51.17287493,8.03707843,,,
300,51.09308452,8.234980608,,,
301,51.18671019,8.045286349,,,
302,51.06718724,8.262062192,,,
303,51.12707024,7.829378359,,,
304,51.13363121,8.439469856,,,
305,51.14457065,8.07565872,,,
306,50.9425507,8.265232367,,,
307,51.09095765,8.366961632,,,
308,51.07566437,8.345462409,,,
309,51.08835992,8.43200665,,,
310,51.04231424,8.365940666,,,
311,51.10450201,8.463311773,,,
312,50.96445517,8.390532018,,,
313,51.07747031,8.036378021,,,
314,51.07035252,8.344403295,,,
315,51.16942868,7.944252372,,,
316,51.1150864,8.355926996,,,
317,51.12560705,8.030558339,,,
318,51.14742665,8.18739046,,,
319,51.07663196,7.894411152,,,
320,51.10378547,8.287722513,,,
321,51.19894789,8.053746223,,,
322,51.11196081,8.390688257,,,
323,51.2085733,7.915154439,,,
324,51.09919713,8.42584199,,,
325,51.17101645,7.957455149,,,
326,51.15278,7.905864024,,,
327,51.04177305,8.501693357,,,
328,50.99800832,8.463933783,,,
329,51.09779322,8.07663546,,,
330,51.11119439,7.989483282,,,
331,51.08679176,7.946206517,,,
332,51.10535919,7.945340991,,,
333,51.07371922,8.34267057,,,
334,51.07644076,8.315871933,,,
335,51.20941334,7.954001256,,,
336,51.09337987,8.393876902,,,
337,50.96917795,8.427748723,,,
338,51.09863092,8.316251848,,,
339,51.10641182,8.424601952,,,
340,51.18107549,7.924366864,,,
341,51.11039621,8.181944643,,,
342,51.13980955,8.117179248,,,
343,51.01645308,8.37636858,,,
344,51.04416726,8.49407409,,,
345,51.14790908,8.444392896,,,
346,51.08243596,8.425430577,,,
347,51.13537412,8.09988384,,,
348,51.06364653,8.221368102,,,
349,51.08101557,8.056200306,,,
350,51.12535752,8.364839448,,,
351,50.96909225,8.325934928,,,
352,51.02389862,8.210537308,,,
353,51.04907544,8.332134132,,,
354,51.09321753,8.325872932,,,
355,50.97984846,8.310598326,,,
356,51.06137271,8.375812293,,,
357,51.04815388,8.449356032,,,
358,51.15688181,8.508257225,,,
359,51.0704841,7.972712091,,,
360,51.08426743,8.060147608,,,
361,51.07632577,7.974610877,,,
362,51.08205449,8.318093855,,,
363,50.94529529,8.406296933,,,
364,51.11739168,8.486052375,,,
365,51.12950184,8.512096445,,,
366,51.18904176,7.922121935,,,
367,51.2267764,8.119580032,,,
368,51.14044399,8.169139434,,,
369,50.99770257,8.47602428,,,
370,51.10585117,8.199552837,,,
371,51.18105387,7.949030904,,,
372,51.06089584,8.443091954,,,
373,51.08464133,7.988765358,,,
374,51.12531338,8.44755902,,,
375,50.94139499,8.417457853,,,
376,51.20836618,7.952823585,,,
377,50.98254306,8.469536238,,,
378,51.13879495,7.872337751,,,
379,50.98086773,8.383658479,,,
380,50.97776341,8.28744093,,,
381,51.11255687,7.95102916,,,
382,51.00669105,8.38648535,,,
383,51.20689828,8.039011835,,,
384,51.13062847,8.09967036,,,
385,51.09255741,8.131849286,,,
386,50.97178441,8.308900728,,,
387,51.19218614,7.98405523,,,
388,51.12796692,8.194975094,,,
389,51.20894065,7.917179321,,,
390,51.1361628,8.510807107,,,
391,51.10099172,8.019588222,,,
392,51.02561133,8.341994208,,,
393,51.03946195,8.409102821,,,
394,51.23757094,8.06922782,,,
395,51.227576,7.989771767,,,
396,51.02897449,8.471487006,,,
397,51.03867315,8.491095024,,,
398,51.0313353,8.210418839,,,
399,51.17142188,8.026171829,,,
400,51.11466779,8.135189015,,,
401,51.14282895,8.173835909,,,
402,50.99238611,8.344886553,,,
403,51.08050177,8.278582299,,,
404,51.08492457,8.386744134,,,
405,51.19162182,7.951464526,,,
406,51.17925781,8.139667306,,,
407,51.12296741,7.830748315,,,
408,51.05562339,8.318785134,,,
409,51.04023012,8.470108073,,,
410,51.12223699,8.143882643,,,
411,51.16436525,7.827944124,,,
412,51.09669063,8.296039805,,,
413,51.06703319,8.312219222,,,
414,51.219408,8.001712015,,,
415,51.07247662,8.320617426,,,
416,51.14102111,8.129894908,,,
417,51.09955342,8.312148436,,,
418,51.10622651,8.458221141,,,
419,51.15952405,7.947103188,,,
420,50.99441925,8.427727512,,,
421,51.03396646,8.282867746,,,
422,51.06875943,8.467375746,,,
423,51.00017755,8.27650861,,,
424,51.0523557,8.331522036,,,
425,51.11764497,8.489699662,,,
426,50.97472211,8.433139687,,,
427,51.12207786,8.223122916,,,
428,51.10169683,8.167376502,,,
429,51.07758422,7.893307582,,,
430,51.08171362,8.089391906,,,
431,50.96811569,8.41260311,,,
432,51.22759546,8.124933138,,,
433,51.01007851,8.204792843,,,
434,51.03671343,8.425939735,,,
435,51.12703903,8.105992612,,,
436,51.05600956,8.448411868,,,
437,51.22845497,8.030754354,,,
438,51.04471446,8.20510808,,,
439,50.98766819,8.280599905,,,
440,51.0333576,8.424023078,,,
441,51.10582881,8.139533016,,,
442,51.13681147,7.874272876,,,
443,50.99732172,8.429063773,,,
444,51.20589398,8.121323097,,,
445,51.19592587,7.931245976,,,
446,51.08708541,8.081693613,,,
447,51.10939279,8.174543621,,,
448,51.11287939,8.235779213,,,
449,51.07207957,7.969379196,,,
450,51.24178726,8.023069595,,,
451,50.98012483,8.373741786,,,
452,51.11815654,7.918960819,,,
453,51.08678336,7.980273386,,,
454,51.2385826,8.021507184,,,
455,51.23840016,8.125849206,,,
456,51.24188079,7.921936635,,,
457,50.93308425,8.365121347,,,
458,51.11725822,7.887596575,,,
459,51.09544142,8.214085924,,,
460,50.96730073,8.428663642,,,
461,50.9522827,8.37952673,,,
462,51.11920973,8.148438091,,,
463,51.06926753,8.356331388,,,
464,51.1458251,7.962707414,,,
465,51.02557681,8.260763332,,,
466,51.06095799,8.425726553,,,
467,50.96333326,8.441642092,,,
468,50.92876014,8.295534244,,,
469,51.05344423,8.368870985,,,
470,51.1903022,8.07730259,,,
471,51.01300776,8.445431421,,,
472,51.11157133,7.936907648,,,
473,51.04442638,8.345876575,,,
474,51.18261025,8.061179908,,,
475,51.07074254,8.182015783,,,
476,51.08819948,8.204006235,,,
477,51.01099705,8.463281701,,,
478,51.09298082,8.102328066,,,
479,50.99611762,8.461526107,,,
480,51.06581199,8.273566132,,,
481,51.14916448,8.502048518,,,
482,51.06709028,8.259699626,,,
483,51.08345058,8.398738294,,,
484,51.12107152,8.23238415,,,
485,51.02820101,8.218064631,,,
486,51.03000875,8.221221131,,,
487,51.1088007,7.836517209,,,
488,50.98624125,8.292364287,,,
489,51.20512363,8.088902002,,,
490,50.96738673,8.341770413,,,
491,50.98235354,8.435523391,,,
492,50.93757641,8.263433589,,,
493,51.13635765,8.191871724,,,
494,50.97944552,8.426125548,,,
495,51.08463387,8.292246592,,,
496,50.95534902,8.423388878,,,
497,51.08747514,8.346380141,,,
498,50.96055606,8.410998579,,,
499,51.02723679,8.220466113,,,
500,50.97187863,8.331380201,,,
501,50.94279873,8.406088222,,,
502,51.23205086,8.101001878,,,
503,51.15704597,7.903673603,,,
504,51.14183476,8.146933708,,,
505,51.09956122,8.448367438,,,
506,51.12904478,7.861821553,,,
507,51.0776914,8.165232561,,,
508,51.16708137,7.932306604,,,
509,51.13752268,8.440750118,,,
510,51.24699116,7.941291598,,,
511,51.19390546,8.113206577,,,
512,51.2271409,8.033296358,,,
513,51.12486483,7.866986423,,,
514,51.00813011,8.492014119,,,
515,51.02507374,8.28658224,,,
516,50.96560567,8.419938397,,,
517,51.11138642,8.208759436,,,
518,51.07004197,7.943040734,,,
519,51.11251089,8.090447932,,,
520,51.04962048,8.416122392,,,
521,50.96038407,8.283940878,,,
522,51.0794991,7.974546701,,,
523,51.20009901,7.947668482,,,
524,51.18211163,8.133634895,,,
525,51.13615285,8.170934624,,,
526,51.08165704,8.356642983,,,
527,51.02469236,8.518290421,,,
528,51.11581309,8.104159643,,,
529,50.96828418,8.425137438,,,
530,51.09738142,8.000063291,,,
531,51.11487919,8.13247019,,,
532,51.06739165,8.321753979,,,
533,51.16512208,8.060996916,,,
534,51.1245748,8.408900736,,,
535,51.08576453,7.886844725,,,
536,51.11966162,8.121662089,,,
537,51.07168142,8.260645254,,,
538,50.99708198,8.463059425,,,
539,51.13366893,7.855106572,,,
540,51.08806277,7.969495346,,,
541,51.1111545,8.061059098,,,
542,51.1704332,7.84507767,,,
543,51.12074339,8.218779617,,,
544,51.12584787,7.9199032,,,
545,51.12015421,8.504667848,,,
546,51.11598899,7.837065258,,,
547,51.06848215,8.307827904,,,
548,51.04904342,8.343514936,,,
549,51.10211201,8.13188036,,,
550,51.19096291,7.945500407,,,
551,51.13303914,8.135901335,,,
552,51.11711808,8.359529171,,,
553,51.05007401,8.443080322,,,
554,51.20832894,7.965033195,,,
555,51.24043612,8.124175516,,,
556,51.16993922,8.075361315,,,
557,51.09697799,8.003252441,,,
558,50.98362554,8.294109146,,,
559,51.1508512,8.490338767,,,
560,51.06309152,8.456336593,,,
561,51.14941331,8.133709609,,,
562,51.12323468,8.141018513,,,
563,51.18290979,7.982674927,,,
564,51.04087202,8.235508028,,,
565,51.00056176,8.357406749,,,
566,51.04449684,8.358429118,,,
567,51.06637489,8.342388407,,,
568,51.18012443,8.053028231,,,
569,51.09082381,8.228056747,,,
570,51.14150855,8.035105006,,,
571,51.01165222,8.233324954,,,
572,51.07870956,8.192786079,,,
573,51.12948517,7.94604288,,,
574,51.10696705,8.022473933,,,
575,51.03849359,8.282990376,,,
576,51.01021825,8.447247485,,,
577,51.04037013,8.322768903,,,
578,51.08351169,8.07940863,,,
579,51.13216116,8.139463821,,,
580,51.09579985,8.370745494,,,
581,51.08270776,8.488348743,,,
582,51.03790487,8.404560967,,,
583,51.11207973,8.165923572,,,
584,50.98293288,8.316961121,,,
585,50.96009675,8.407802211,,,
586,51.03927691,8.310719998,,,
587,50.96884001,8.410276642,,,
588,51.07752322,7.980176679,,,
589,51.06063321,8.448131886,,,
590,51.04008304,8.299696992,,,
591,51.20423137,8.118062114,,,
592,51.22801412,7.915169802,,,
593,50.975603,8.374125897,,,
594,50.97530745,8.450925942,,,
595,51.15402212,8.182976319,,,
596,50.95965485,8.429699074,,,
597,51.22129647,8.00674449,,,
598,51.12912041,8.101603277,,,
599,51.10150961,8.136810365,,,
600,51.07332894,7.977059237,,,
601,51.13856567,8.190403764,,,
602,51.03621023,8.394966775,,,
603,51.03444883,8.498532536,,,
604,51.15593347,7.848105148,,,
605,51.24805101,8.017176659,,,
606,51.06543703,8.3083994,,,
607,51.06000765,8.414138527,,,
608,51.00122083,8.463717118,,,
609,51.1129263,8.149022466,,,
610,50.97085196,8.389066499,,,
611,51.18708654,7.954545214,,,
612,51.13812158,8.07480097,,,
613,51.17683792,8.049662029,,,
614,51.10278811,8.209834924,,,
615,51.17033944,8.124762206,,,
616,51.05988921,8.343189363,,,
617,51.11362407,8.486746372,,,
618,51.03249276,8.204396296,,,
619,51.1130454,8.302440878,,,
620,51.06859935,8.371877972,,,
621,51.24405353,8.010468029,,,
622,51.03273379,8.229180208,,,
623,51.20963654,8.106233454,,,
624,51.12054536,8.470389011,,,
625,51.09632844,8.135539634,,,
626,51.10903214,8.148907052,,,
627,51.1195764,8.327828916,,,
628,51.13265841,7.864818468,,,
629,51.15497575,7.857994104,,,
630,51.21143009,8.12219418,,,
631,51.20745407,8.031622054,,,
632,51.16950131,8.030043393,,,
633,51.12979455,7.862658423,,,
634,51.01717545,8.235179164,,,
635,51.15405181,8.097655797,,,
636,51.09318069,8.273822075,,,
637,51.12080929,8.290782521,,,
638,51.12381688,8.336369945,,,
639,51.04856,8.484565568,,,
640,51.09131396,7.887574642,,,
641,51.08081092,8.355774113,,,
642,50.9502664,8.396086647,,,
643,51.12552041,8.0764834,,,
644,51.14482018,8.15025633,,,
645,51.10441281,8.327466691,,,
646,51.10506335,8.411477187,,,
647,51.06809901,8.244195167,,,
648,51.11673794,8.298728611,,,
649,51.02813478,8.528936423,,,
650,50.96048956,8.355728828,,,
651,51.1332246,8.199109128,,,
652,51.20045257,7.984715967,,,
653,51.07690956,7.997015692,,,
654,50.93140498,8.449993987,,,
655,50.99400897,8.439275556,,,
656,51.18646164,8.078826636,,,
657,51.19804089,7.946671015,,,
658,50.9556666,8.344373647,,,
659,51.15392929,8.493045609,,,
660,51.14553815,7.84838486,,,
661,51.09630068,8.163382219,,,
662,51.03918907,8.365995824,,,
663,51.07852748,8.360755466,,,
664,51.02019929,8.374827401,,,
665,51.09590254,7.894364274,,,
666,51.21130866,8.096637765,,,
667,50.97688574,8.401148041,,,
668,51.05866405,8.323807185,,,
669,51.21020396,8.126181576,,,
670,51.09078157,8.088769744,,,
671,51.10715912,8.269514752,,,
672,51.17108168,8.081625343,,,
673,51.21095595,7.977641521,,,
674,51.07829038,7.927616394,,,
675,51.11896116,8.270467198,,,
676,51.06773106,7.835232398,,,
677,51.01261511,8.349864355,,,
678,51.17074478,7.88739667,,,
679,51.08744754,8.059958602,,,
680,51.11988783,8.365718314,,,
681,51.1035995,8.420618557,,,
682,51.24180791,8.126447357,,,
683,51.08761307,8.396373492,,,
684,51.01028727,8.238485311,,,
685,51.214718,7.948453529,,,
686,51.23428037,7.970050729,,,
687,51.15002622,7.993006593,,,
688,51.09515315,7.97945672,,,
689,51.07359789,8.009769362,,,
690,51.02513427,8.239674722,,,
691,51.15842025,8.174160235,,,
692,51.07289131,8.354415436,,,
693,51.18158773,7.956320945,,,
694,51.13131405,7.87443058,,,
695,50.957545,8.416181012,,,
696,50.94030413,8.348113896,,,
697,50.98407519,8.289168984,,,
698,51.10329751,8.159869003,,,
699,51.13315513,8.486755146,,,
700,51.15419581,7.960818852,,,
701,51.13822835,8.112534503,,,
702,51.09983157,8.127099374,,,
703,51.1025645,7.909197098,,,
704,50.95129819,8.395612377,,,
705,51.21911806,7.927260447,,,
706,51.08527096,8.195896196,,,
707,51.07102184,8.388690245,,,
708,51.16056593,7.920394095,,,
709,51.01213113,8.493207803,,,
710,51.13143667,8.147912097,,,
711,51.10453428,8.22110921,,,
712,51.09801019,8.255818815,,,
713,51.13802897,8.490310356,,,
714,51.14203644,7.963148793,,,
715,51.09264108,8.31461627,,,
716,50.9314643,8.29594173,,,
717,51.04028789,8.441863315,,,
718,51.01685291,8.373453633,,,
719,51.16863945,8.050566365,,,
720,51.01578102,8.383094839,,,
721,50.95478578,8.380887921,,,
722,51.10933068,8.216297711,,,
723,51.22783987,8.041170063,,,
724,51.23109265,8.034402095,,,
725,51.02445567,8.251671858,,,
726,51.12758955,8.038977171,,,
727,51.08712679,8.030545122,,,
728,51.07592738,8.11407028,,,
729,51.05684408,8.484346224,,,
730,51.08917263,8.360518078,,,
731,50.93489302,8.411299248,,,
732,51.01792761,8.487502594,,,
733,51.08300564,8.485270707,,,
734,51.03045379,8.231791158,,,
735,51.09479888,8.464172857,,,
736,51.17581749,7.891312619,,,
737,51.0897903,7.959132827,,,
738,51.22199945,7.9840543,,,
739,51.04245672,8.360701323,,,
740,51.11863976,7.94081472,,,
741,51.11332966,8.051723719,,,
742,51.2026301,7.940787259,,,
743,50.98083149,8.287053052,,,
744,51.24210669,8.111482081,,,
745,51.22244822,7.995050822,,,
746,50.92844475,8.395221198,,,
747,51.2100303,8.055434545,,,
748,51.10408101,8.120684777,,,
749,51.12831877,8.512368628,,,
750,51.11629899,8.181273534,,,
751,51.09298364,8.247853187,,,
752,51.09619071,8.266030929,,,
753,51.11147636,8.046050612,,,
754,51.11521098,7.925058495,,,
755,51.12214197,8.154380566,,,
756,51.17570683,8.025692016,,,
757,51.08863382,8.200038799,,,
758,51.11200885,8.479808468,,,
759,51.08364605,8.407653141,,,
760,51.06679617,8.50399716,,,
761,51.11151297,8.402783312,,,
762,51.21104425,7.950851107,,,
763,51.10588715,8.414113027,,,
764,51.24113553,8.035552294,,,
765,51.11102789,8.352268983,,,
766,51.05683531,8.463416798,,,
767,50.94660035,8.383835716,,,
768,51.00546645,8.513098578,,,
769,51.2263018,8.11540052,,,
770,51.171606,8.065477923,,,
771,51.1094168,8.407609305,,,
772,51.09270701,8.123077877,,,
773,51.10803154,7.974365706,,,
774,51.22598073,8.033771115,,,
775,51.0396725,8.278124655,,,
776,51.19078869,7.915238455,,,
777,50.93292898,8.4046515,,,
778,51.1285896,8.507659208,,,
779,51.10918203,8.342663207,,,
780,50.99436721,8.407937042,,,
781,51.07273362,8.188667976,,,
782,51.12553101,8.377561289,,,
783,51.10322571,8.298476649,,,
784,51.11710399,7.923651216,,,
785,51.13227128,8.500105912,,,
786,51.09844421,8.161816675,,,
787,51.09141087,8.033998194,,,
788,51.10879449,8.171092109,,,
789,51.15907728,7.834790178,,,
790,51.11340446,8.031261908,,,
791,51.1382238,8.449559528,,,
792,51.07276041,8.455105695,,,
793,51.10126836,7.978579668,,,
794,51.20643287,8.135858204,,,
795,51.0884332,8.388498933,,,
796,51.0323392,8.27036439,,,
797,51.24411791,8.060707725,,,
798,51.12831248,8.17040455,,,
799,51.11834276,8.209352108,,,
800,50.97159122,8.416222784,,,
801,51.02448184,8.322286529,,,
802,50.99975298,8.454767343,,,
803,51.20158316,7.939260427,,,
804,51.02532294,8.288619406,,,
805,50.93049733,8.392857583,,,
806,51.1784166,7.953108448,,,
807,51.08870127,8.250339543,,,
808,51.13773424,8.473790308,,,
809,51.21754259,7.925367988,,,
810,51.12087055,8.196237215,,,
811,50.92856784,8.32582635,,,
812,51.03183348,8.396146333,,,
813,50.94066744,8.431579945,,,
814,51.08583956,8.306885606,,,
815,51.10509211,8.227111349,,,
816,51.11805469,8.000812313,,,
817,51.03951074,8.523385028,,,
818,51.10332693,7.852966105,,,
819,51.0332674,8.316560337,,,
820,51.1663208,7.941707674,,,
821,51.14228043,8.169010254,,,
822,51.06665726,8.465762526,,,
823,51.1175803,8.259780713,,,
824,51.13371108,7.924101555,,,
825,51.18286982,7.94785057,,,
826,51.10638966,8.242784176,,,
827,51.23679107,7.925958568,,,
828,51.0694331,7.829789048,,,
829,51.08954281,7.833197496,,,
830,51.14694827,8.162305238,,,
831,51.21630279,8.131076908,,,
832,50.96756718,8.289061205,,,
833,51.20904028,8.00642305,,,
834,51.14995434,8.485877005,,,
835,51.11045365,8.023964944,,,
836,50.98106707,8.44301799,,,
837,51.06087555,8.513236526,,,
838,51.12543037,8.325499851,,,
839,50.97967644,8.419589232,,,
840,51.10750936,7.912552326,,,
841,51.09023764,8.039055004,,,
842,51.12488668,7.936735616,,,
843,51.14343761,8.189807632,,,
844,51.24825971,8.033076758,,,
845,51.11304993,8.227271064,,,
846,51.1307946,7.951764739,,,
847,51.03157369,8.235249527,,,
848,50.97051643,8.407660094,,,
849,51.00514536,8.228347369,,,
850,51.10744019,8.147726339,,,
851,51.0723106,8.327494535,,,
852,51.12759574,8.046063938,,,
853,50.95216903,8.431838735,,,
854,51.03532552,8.447614347,,,
855,51.14087001,8.042018186,,,
856,50.93485063,8.344004824,,,
857,51.19005685,8.074722617,,,
858,51.08873122,8.237078437,,,
859,51.11658571,8.235411378,,,
860,51.08214795,7.990010908,,,
861,51.11812273,8.299678318,,,
862,51.12825247,8.040381737,,,
863,51.16572829,7.931785522,,,
864,50.97371129,8.32163848,,,
865,51.11743773,8.12401378,,,
866,50.96285592,8.281546716,,,
867,51.15217547,7.82992104,,,
868,50.92825258,8.367530342,,,
869,51.07812514,8.452503279,,,
870,51.1467549,8.492760047,,,
871,51.18832702,7.917589757,,,
872,51.12498281,8.157134425,,,
873,51.11659574,8.500903666,,,
874,51.08466436,8.351546584,,,
875,51.12092831,8.186479202,,,
876,51.1449577,8.169400696,,,
877,51.00701059,8.320795808,,,
878,51.07906106,7.836190592,,,
879,51.08843356,8.275013594,,,
880,50.97153675,8.37358291,,,
881,51.10456815,8.122856027,,,
882,51.08154567,8.257651891,,,
883,51.16782556,8.041344098,,,
884,51.14959747,8.155107291,,,
885,51.10686262,8.092413864,,,
886,51.08586277,8.042670852,,,
887,51.13416739,7.848041549,,,
888,51.11948999,7.948243778,,,
889,51.00071447,8.231283661,,,
890,51.15041484,7.878563159,,,
891,50.97357898,8.326017161,,,
892,51.12905945,8.038835134,,,
893,51.22562349,7.921023888,,,
894,51.02399308,8.355094534,,,
895,51.16495904,7.869307871,,,
896,50.991897,8.270300204,,,
897,51.24490515,7.92312783,,,
898,51.19526422,8.112535682,,,
899,51.18584043,8.076218812,,,
900,50.98529388,8.443803709,,,
901,51.1742192,7.872481211,,,
902,51.21218686,7.955595365,,,
903,51.19135832,8.08885604,,,
904,51.13711955,8.487521372,,,
905,51.14551656,7.879240324,,,
906,51.10589633,8.319660137,,,
907,51.22810905,8.076815432,,,
908,51.11404999,8.383802483,,,
909,51.21117976,8.016378433,,,
910,51.20256589,7.98534394,,,
911,51.19345337,7.918796567,,,
912,51.10506394,8.135205552,,,
913,50.98297639,8.290350323,,,
914,51.11425183,8.4312588,,,
915,51.12598094,8.509201719,,,
916,51.01829052,8.345110574,,,
917,51.04007516,8.493232931,,,
918,51.11123492,8.141641623,,,
919,51.06975991,7.944679993,,,
920,50.9503267,8.415780148,,,
921,51.13899536,8.136620996,,,
922,51.11437328,8.508551319,,,
923,51.17775865,8.131850928,,,
924,51.14242813,8.510030137,,,
925,51.08959563,8.096781702,,,
926,51.04179981,8.484553495,,,
927,51.10389736,8.012783516,,,
928,51.15558769,8.181619734,,,
929,51.10298242,7.834582512,,,
930,51.23819513,8.018693959,,,
931,51.081801,8.296189226,,,
932,50.9763176,8.43512522,,,
933,51.10564383,8.355582264,,,
934,51.1040066,8.344877235,,,
935,51.0652985,8.201415637,,,
936,51.03356273,8.32824221,,,
937,51.12793125,8.447694845,,,
938,51.12365763,8.148136667,,,
939,51.07411582,8.241443515,,,
940,51.05344926,8.421231222,,,
941,50.93886472,8.347830587,,,
942,51.14191112,8.079992281,,,
943,51.08489594,8.043844902,,,
944,51.2376185,8.121658242,,,
945,51.09914091,8.457768495,,,
946,51.10011106,8.493432977,,,
947,51.12192914,8.342212169,,,
948,51.09569393,8.107082263,,,
949,51.13465538,8.199199875,,,
950,51.12592361,8.502757963,,,
951,51.02647958,8.417242119,,,
952,51.08986605,8.102424688,,,
953,51.07963419,8.293280644,,,
954,51.09671021,7.942308803,,,
955,51.15552148,8.436144858,,,
956,50.98232429,8.389962333,,,
957,51.23552485,8.04221613,,,
958,50.92792489,8.277641001,,,
959,50.97262014,8.287912932,,,
960,51.08361438,8.308183531,,,
961,51.15627189,7.980640557,,,
962,51.203045,8.0299225,,,
963,50.98380767,8.441682692,,,
964,51.21212359,8.05653686,,,
965,51.11830178,8.279729707,,,
966,51.13211634,8.064113326,,,
967,51.04424382,8.224354265,,,
968,51.12312919,8.468417522,,,
969,51.09855185,8.003053647,,,
970,51.20528167,7.954634758,,,
971,50.99758197,8.29730482,,,
972,51.12753227,8.153183039,,,
973,50.99033478,8.376524122,,,
974,50.98667803,8.470835283,,,
975,51.06179469,8.451293621,,,
976,51.11365216,8.361049826,,,
977,50.93244748,8.448443866,,,
978,51.1564601,7.982699273,,,
979,51.07615391,8.198465229,,,
980,51.1000286,8.291620028,,,
981,50.9402218,8.441114603,,,
982,51.10760056,8.491297332,,,
983,51.09266843,8.302135872,,,
984,51.08958828,7.982688706,,,
985,51.11281789,8.049271746,,,
986,51.11479999,8.231870899,,,
987,51.03822579,8.392165558,,,
988,51.06843899,8.353559678,,,
989,51.09642274,8.366853162,,,
990,51.1231223,8.290512167,,,
991,51.05750577,8.232908183,,,
992,51.02609552,8.448294831,,,
993,51.02918183,8.209090471,,,
994,51.12234631,7.92685902,,,
995,51.24200407,8.105276095,,,
996,50.98805363,8.476756645,,,
997,51.09051717,8.087019092,,,
998,51.03628206,8.397465919,,,
999,50.95911241,8.413481502,,,
1000,51.13640095,8.503979562,,,
1001,51.10726753,8.063433295,,,
1002,51.06417848,8.256753371,,,
1003,51.04119783,8.241340568,,,
1004,51.15646099,8.133920434,,,
1005,51.14022614,8.092746857,,,
1006,51.07320118,8.002988153,,,
1007,51.08388579,8.191036612,,,
1008,51.0179014,8.290244725,,,
1009,51.10647067,7.982285651,,,
1010,51.08231277,8.243746174,,,
1011,51.05551939,8.455058458,,,
1012,50.95881127,8.359639907,,,
1013,51.02643658,8.278217131,,,
1014,50.96032532,8.387842153,,,
1015,50.97413697,8.328260157,,,
1016,51.16314878,7.904456966,,,
1017,51.0887877,8.073929977,,,
1018,51.06929298,8.370097609,,,
1019,51.06373243,8.466376765,,,
1020,51.12223944,8.420437235,,,
1021,51.08996342,7.973032587,,,
1022,50.994788,8.429662715,,,
1023,50.92966831,8.397002923,,,
1024,50.94918034,8.361539594,,,
1025,50.9972887,8.385518457,,,
1026,51.08714076,8.355965923,,,
1027,51.20163005,7.931505466,,,
1028,51.01052731,8.324464716,,,
1029,51.10854872,8.457640635,,,
1030,51.11209203,7.920091661,,,
1031,51.04009452,8.361702617,,,
1032,51.24154266,8.011031235,,,
1033,51.103818,8.366397706,,,
1034,51.08861464,8.454979218,,,
1035,51.08597739,8.387818438,,,
1036,51.09456647,8.31719866,,,
1037,51.11702662,8.211497804,,,
1038,51.14742623,8.433343827,,,
1039,51.09917907,8.369903007,,,
1040,51.12308743,8.199509606,,,
1041,51.15801957,7.980992157,,,
1042,51.10923945,8.244319192,,,
1043,51.13666117,8.117531521,,,
1044,51.08325148,8.196914189,,,
1045,50.95480101,8.363516627,,,
1046,51.1173958,8.017023459,,,
1047,51.07067305,8.449278828,,,
1048,51.04400491,8.363980183,,,
1049,51.10535093,8.288380543,,,
1050,51.01924414,8.328034942,,,
1051,51.08673847,7.943465975,,,
1052,51.05510856,8.300087285,,,
1053,51.11997049,8.133230119,,,
1054,51.13598501,8.507950602,,,
1055,51.04069737,8.478030877,,,
1056,51.07867249,7.85991143,,,
1057,51.0661408,8.330882676,,,
1058,51.08730793,8.224859997,,,
1059,51.09147256,7.945601166,,,
1060,50.95601783,8.406932674,,,
1061,51.04542207,8.498764748,,,
1062,51.18715439,8.131327516,,,
1063,50.99012359,8.279086722,,,
1064,51.01481926,8.335808853,,,
1065,51.13019395,8.159732279,,,
1066,51.10350137,8.13848723,,,
1067,50.98581605,8.449601903,,,
1068,51.15214027,8.512565014,,,
1069,51.10684523,8.10033871,,,
1070,51.11003533,8.294797712,,,
1071,51.14068195,7.94943605,,,
1072,51.12161753,8.444846285,,,
1073,51.24169613,8.085313963,,,
1074,51.20211607,7.929826104,,,
1075,51.00403726,8.4684301,,,
1076,51.10933732,8.509540123,,,
1077,51.04870945,8.268814282,,,
1078,51.07440653,7.923395006,,,
1079,51.07583232,7.892805223,,,
1080,51.08824179,7.961245075,,,
1081,51.02842751,8.292865623,,,
1082,51.1406385,7.83732603,,,
1083,51.13316927,8.131254724,,,
1084,51.09939182,8.045101196,,,
1085,51.04340624,8.350974667,,,
1086,51.09071974,8.103396645,,,
1087,51.15038762,8.007584429,,,
1088,51.22590084,8.072864585,,,
1089,51.0876554,8.336665744,,,
1090,51.17964441,7.945546231,,,
1091,51.10821175,8.424624776,,,
1092,51.11562456,8.436383696,,,
1093,51.01630168,8.480797566,,,
1094,51.15651431,8.176261081,,,
1095,51.20149331,8.101404658,,,
1096,51.14453345,8.508345693,,,
1097,51.16481451,8.006008996,,,
1098,51.11792517,8.272965046,,,
1099,50.96489319,8.36251204,,,
1100,51.04729016,8.239676181,,,
1101,51.16386932,7.992348744,,,
1102,51.138348,8.505504797,,,
1103,51.1440406,8.049685391,,,
1104,51.00096063,8.248452789,,,
1105,50.9465357,8.299693266,,,
1106,51.02285136,8.29201808,,,
1107,51.09104248,7.973938022,,,
1108,51.02561529,8.398667264,,,
1109,50.97852738,8.265262768,,,
1110,51.09611165,8.455884521,,,
1111,51.03996516,8.521211583,,,
1112,51.21703406,8.122177323,,,
1113,51.11368169,8.46051132,,,
1114,50.99059331,8.339973405,,,
1115,51.13318631,8.156015318,,,
1116,51.2293453,8.043697123,,,
1117,51.13833415,8.04275054,,,
1118,51.13420126,8.510385748,,,
1119,51.0793723,8.132595432,,,
1120,51.01272227,8.377790688,,,
1121,50.97875125,8.348072328,,,
1122,51.14080093,8.102008481,,,
1123,51.07560161,8.453560812,,,
1124,51.12463146,8.293002198,,,
1125,51.15342272,8.098975364,,,
1126,50.96039943,8.418770614,,,
1127,51.21986869,7.969847819,,,
1128,51.11557895,8.247461103,,,
1129,50.94288658,8.277451348,,,
1130,51.09524787,8.453326806,,,
1131,51.16009689,8.122349186,,,
1132,51.1757926,8.111724993,,,
1133,51.0953806,8.481177028,,,
1134,51.11358496,8.194654874,,,
1135,51.24448912,8.035563858,,,
1136,51.1025665,8.355537477,,,
1137,51.07626,7.922938834,,,
1138,51.23489077,7.949608438,,,
1139,51.1616614,7.996120935,,,
1140,51.24189665,7.997866808,,,
1141,50.98203979,8.275754648,,,
1142,51.12205357,7.929974761,,,
1143,51.02067652,8.226823799,,,
1144,51.11195031,8.407504294,,,
1145,51.23674708,8.02487368,,,
1146,51.00440104,8.463988319,,,
1147,51.07756621,8.062533314,,,
1148,51.16684093,7.883269338,,,
1149,51.02570125,8.390556022,,,
1150,51.12121704,8.316566633,,,
1151,51.13843931,8.510229326,,,
1152,50.96141935,8.408462119,,,
1153,50.97539355,8.391474102,,,
1154,51.22753333,8.010818278,,,
1155,51.10478671,7.851488048,,,
1156,50.97297724,8.305216627,,,
1157,51.14852108,8.11593627,,,
1158,50.96650086,8.34090167,,,
1159,51.09871211,7.9008735,,,
1160,50.97444277,8.419001915,,,
1161,50.98184362,8.347751517,,,
1162,51.10113729,7.861546291,,,
1163,51.12374341,8.427257426,,,
1164,51.08746339,8.147886039,,,
1165,51.12246101,8.284389028,,,
1166,51.22865621,8.022095573,,,
1167,51.09977519,8.482028469,,,
1168,51.06225504,8.370152184,,,
1169,51.07859575,8.200981451,,,
1170,50.95345452,8.344397658,,,
1171,51.09381708,8.015182885,,,
1172,50.93363928,8.314222244,,,
1173,50.9657438,8.454612286,,,
1174,51.11100047,8.036268048,,,
1175,51.02798615,8.278826005,,,
1176,51.07095864,7.867475135,,,
1177,51.14207219,8.485664515,,,
1178,50.93125112,8.339161471,,,
1179,51.02127555,8.40988757,,,
1180,51.17393868,7.952057322,,,
1181,51.07708837,8.382859818,,,
1182,51.03857395,8.49843049,,,
1183,51.00819134,8.240398176,,,
1184,51.04469499,8.231822584,,,
1185,51.07480813,7.907370913,,,
1186,51.11283449,8.03551186,,,
1187,51.21553739,7.930225469,,,
1188,50.9944225,8.465657043,,,
1189,51.16343853,8.005762422,,,
1190,51.09279772,8.119617989,,,
1191,51.09837732,8.308243667,,,
1192,51.22575267,8.018319088,,,
1193,51.20813842,8.135473356,,,
1194,51.17051022,7.945086101,,,
1195,51.0852836,8.348553292,,,
1196,50.96282158,8.411562126,,,
1197,51.12889485,7.948497965,,,
1198,50.94936645,8.433852183,,,
1199,51.09249853,8.041903651,,,
1200,50.95177324,8.423624622,,,
1201,51.03775143,8.388884673,,,
1202,51.10142717,8.385550876,,,
1203,51.13707864,8.134014022,,,
1204,51.10964403,7.983064377,,,
1205,51.2335677,7.920493462,,,
1206,50.97372809,8.30716303,,,
1207,51.15835078,8.456389814,,,
1208,51.07301249,7.911347289,,,
1209,51.04345164,8.47727445,,,
1210,50.99544308,8.268450304,,,
1211,51.16411606,7.935386958,,,
1212,51.24335248,7.944782238,,,
1213,51.09537102,8.380502845,,,
1214,51.17775967,7.942640535,,,
1215,51.1043332,8.331970304,,,
1216,51.09564602,7.937967264,,,
1217,51.09929159,8.329434674,,,
1218,50.98450088,8.292167318,,,
1219,51.07974191,8.188453239,,,
1220,51.20982891,8.108054828,,,
1221,51.00075516,8.227904246,,,
1222,51.24660274,8.014694039,,,
1223,51.12289693,8.240794032,,,
1224,51.10134963,8.432860403,,,
1225,51.10607849,8.134592711,,,
1226,51.0965491,8.193754053,,,
1227,51.10295407,8.00908898,,,
1228,51.2251057,8.01731236,,,
1229,51.12099903,8.108254917,,,
1230,51.07709765,7.926475699,,,
1231,51.07737754,7.882887618,,,
1232,50.99515998,8.341093787,,,
1233,51.08063981,7.845796106,,,
1234,51.15436414,8.135989251,,,
1235,51.07196811,8.451323707,,,
1236,51.0865563,8.065546369,,,
1237,51.03884561,8.231140422,,,
1238,51.05722235,8.361558316,,,
1239,51.07498772,8.034283556,,,
1240,51.16014299,8.128704164,,,
1241,51.09688227,8.254585599,,,
1242,51.11435718,8.053973714,,,
1243,51.21468738,7.989023233,,,
1244,51.16367123,8.064093134,,,
1245,51.12374842,8.363134024,,,
1246,51.10844087,8.372716828,,,
1247,51.13695224,8.18284091,,,
1248,51.08146235,7.89749699,,,
1249,51.07744815,7.905239943,,,
1250,51.07169559,8.078264714,,,
1251,51.13626526,7.869967179,,,
1252,51.17439986,7.851769153,,,
1253,51.0776677,7.921528741,,,
1254,51.10212758,8.362965474,,,
1255,51.10449827,8.165472571,,,
1256,51.09484025,8.249675371,,,
1257,51.05919171,8.491442807,,,
1258,51.05255174,8.349500298,,,
1259,51.12983247,8.164261971,,,
1260,51.17444462,7.960600277,,,
1261,51.2058118,7.914522859,,,
1262,51.11186535,8.092610535,,,
1263,51.14627503,7.844939403,,,
1264,51.05147777,8.343229958,,,
1265,51.21618745,8.103426448,,,
1266,51.09487935,8.437150914,,,
1267,51.10052251,8.470688622,,,
1268,51.09275508,7.912260696,,,
1269,51.09076969,8.43770652,,,
1270,51.07145791,8.016063222,,,
1271,51.02462475,8.436432965,,,
1272,51.08279779,8.451402713,,,
1273,51.02019572,8.369369175,,,
1274,51.01176908,8.319647749,,,
1275,51.08151193,8.345818268,,,
1276,51.15861306,7.890867521,,,
1277,51.09899341,7.876065389,,,
1278,51.1148998,8.264535708,,,
1279,50.97552441,8.371153863,,,
1280,50.9888711,8.295056229,,,
1281,51.00267183,8.240954085,,,
1282,50.96716008,8.411673222,,,
1283,51.16570896,7.895431501,,,
1284,51.13977184,8.165782729,,,
1285,51.05451332,8.216084969,,,
1286,51.05502331,8.322422128,,,
1287,51.09120147,8.253751327,,,
1288,51.0808926,7.850543507,,,
1289,51.2050886,7.937841507,,,
1290,51.1574632,8.440069139,,,
1291,51.10045486,8.183206098,,,
1292,50.99011865,8.411665193,,,
1293,51.16060198,8.009779339,,,
1294,51.16506688,7.967423133,,,
1295,51.10275445,8.141634117,,,
1296,51.21840711,8.019552388,,,
1297,51.15858627,8.081600968,,,
1298,51.10703664,8.164241582,,,
1299,51.13441157,7.931785712,,,
1300,51.0330288,8.275671431,,,
1301,51.00674563,8.472089126,,,
1302,51.09799054,8.009431662,,,
1303,51.03568213,8.476781262,,,
1304,51.18020919,8.131458699,,,
1305,51.1759785,7.933416811,,,
1306,51.23632137,7.915052037,,,
1307,51.0623976,8.329765165,,,
1308,51.11244816,8.257172098,,,
1309,50.94697046,8.454038638,,,
1310,51.16594139,8.137774207,,,
1311,51.22444883,8.054524693,,,
1312,50.9348086,8.332264439,,,
1313,51.16101978,8.442263687,,,
1314,50.98929211,8.280598913,,,
1315,51.08706989,8.377520797,,,
1316,51.11093008,8.421404872,,,
1317,51.13138308,8.152887559,,,
1318,51.15187223,8.435214902,,,
1319,51.24697964,8.007866266,,,
1320,51.15440504,8.110332419,,,
1321,51.02911974,8.254253764,,,
1322,51.11571094,7.986650507,,,
1323,51.24128577,8.054774107,,,
1324,51.02798306,8.280612878,,,
1325,50.931828,8.361111566,,,
1326,50.99027993,8.445152519,,,
1327,51.1326923,8.010866228,,,
1328,51.16558408,8.105664633,,,
1329,51.05363983,8.24328151,,,
1330,50.94613485,8.398435702,,,
1331,51.08016759,7.839741202,,,
1332,50.9617695,8.436648408,,,
1333,51.21286015,7.923843847,,,
1334,51.09065303,7.916835574,,,
1335,51.1101159,8.18337235,,,
1336,51.15133788,7.856531277,,,
1337,51.10142486,8.099039283,,,
1338,51.12100855,8.389841133,,,
1339,50.97044969,8.286489468,,,
1340,51.1170085,8.424770866,,,
1341,51.08602947,8.144093228,,,
1342,50.96505636,8.408479331,,,
1343,51.04420403,8.214434482,,,
1344,51.10476786,8.142973013,,,
1345,51.23268078,8.029747492,,,
1346,51.01513166,8.381561206,,,
1347,51.02178513,8.231462768,,,
1348,51.07684138,7.930941912,,,
1349,51.04508277,8.354046883,,,
1350,51.07857438,8.026216292,,,
1351,51.10947414,7.848316923,,,
1352,51.02189251,8.289372671,,,
1353,51.20302537,8.095428308,,,
1354,51.14621465,8.499535085,,,
1355,51.06248948,8.220505396,,,
1356,50.96120468,8.275486935,,,
1357,51.02222404,8.459449942,,,
1358,51.0870019,8.003779213,,,
1359,51.10374557,8.135343187,,,
1360,51.15934454,7.935012459,,,
1361,51.23622814,7.946756385,,,
1362,51.12261421,8.071960422,,,
1363,51.19698476,8.074601201,,,
1364,51.10991153,8.286385231,,,
1365,51.21560104,8.065227313,,,
1366,50.94539235,8.270929888,,,
1367,51.21495177,8.113280334,,,
1368,50.93695796,8.439084127,,,
1369,51.15209637,8.086771111,,,
1370,50.96862931,8.2958538,,,
1371,51.00980987,8.321867247,,,
1372,51.19505118,7.91485472,,,
1373,50.92857097,8.33373087,,,
1374,51.146266,8.509874139,,,
1375,51.12251668,8.402024033,,,
1376,51.17602423,7.991919301,,,
1377,51.10192327,8.316698776,,,
1378,50.98854962,8.428735513,,,
1379,51.05520237,8.428702653,,,
1380,51.17226164,8.030144504,,,
1381,51.23446624,7.995781371,,,
1382,51.09859733,8.272147092,,,
1383,51.21690854,8.045160796,,,
1384,51.12032705,8.180181409,,,
1385,51.10356206,8.353769635,,,
1386,51.03858568,8.488683615,,,
1387,51.08376922,7.963167701,,,
1388,51.00313643,8.317790281,,,
1389,51.10235445,8.410011296,,,
1390,51.0845326,8.39803653,,,
1391,51.12510328,8.398022208,,,
1392,51.09070988,8.066520339,,,
1393,51.05972495,8.36371378,,,
1394,50.98350987,8.27805272,,,
1395,51.10002325,7.994917523,,,
1396,51.10018637,7.872332877,,,
1397,51.16929036,8.123605223,,,
1398,51.14841949,8.12863292,,,
1399,51.01952636,8.379313209,,,
1400,51.12653767,7.834178691,,,
1401,51.06864619,8.455140316,,,
1402,51.14731151,8.17758351,,,
1403,51.11020413,8.142664419,,,
1404,51.1860071,7.958105814,,,
1405,50.98679499,8.270714584,,,
1406,51.08503982,7.93796262,,,
1407,51.04291587,8.318765876,,,
1408,51.04249833,8.445554747,,,
1409,51.1174952,8.41939507,,,
1410,51.09695436,7.954824687,,,
1411,51.07841393,8.244587647,,,
1412,51.07283666,8.222309649,,,
1413,51.13045012,8.446672498,,,
1414,51.08866628,8.441967241,,,
1415,50.95074982,8.419466823,,,
1416,50.97681639,8.285363834,,,
1417,51.11541805,8.24204628,,,
1418,51.05395217,8.378256198,,,
1419,51.24023086,8.065042338,,,
1420,51.09027193,8.177958248,,,
1421,51.04885457,8.410163939,,,
1422,51.14388221,8.436477894,,,
1423,51.21157248,7.984096072,,,
1424,51.04138339,8.233804581,,,
1425,51.09240169,8.092957813,,,
1426,51.15512311,7.884425523,,,
1427,51.21230163,8.105050219,,,
1428,51.05910399,8.315918441,,,
1429,50.93244077,8.280071894,,,
1430,51.16250045,7.842826523,,,
1431,51.0103977,8.225001533,,,
1432,51.16922817,7.877685998,,,
1433,51.08136996,8.017297387,,,
1434,51.20781088,8.103421239,,,
1435,51.20597924,7.98458952,,,
1436,51.08949229,8.32280607,,,
1437,51.14860503,8.04031079,,,
1438,51.06204159,8.276228997,,,
1439,51.09002243,8.225701175,,,
1440,51.11650854,8.265088255,,,
1441,50.95882588,8.427803612,,,
1442,51.05852062,8.406409535,,,
1443,51.13222935,8.078359935,,,
1444,51.18443171,8.073489464,,,
1445,51.20136102,7.982550881,,,
1446,51.02614464,8.515565385,,,
1447,51.00884556,8.394216575,,,
1448,51.0175446,8.393923276,,,
1449,51.11744554,7.849593117,,,
1450,51.11922165,8.288367602,,,
1451,51.18756465,7.981092055,,,
1452,51.02830424,8.336198361,,,
1453,51.14771358,7.850545512,,,
1454,50.97661069,8.275123174,,,
1455,51.24091515,8.07084167,,,
1456,50.99901877,8.464188503,,,
1457,51.17523456,7.870538926,,,
1458,51.09731025,8.148203723,,,
1459,51.14725886,8.059775819,,,
1460,51.01694956,8.348222875,,,
1461,50.94222411,8.426646792,,,
1462,51.03276576,8.315214703,,,
1463,51.08202081,8.105091805,,,
1464,51.08837661,7.880377478,,,
1465,51.10889004,8.493346793,,,
1466,51.1026834,8.140180521,,,
1467,51.125037,8.035927209,,,
1468,51.15459982,7.975424127,,,
1469,51.14932053,7.850332925,,,
1470,51.24218635,7.977208247,,,
1471,51.03322596,8.234441839,,,
1472,51.12781101,7.91875221,,,
1473,51.14418368,8.148472452,,,
1474,51.10238333,7.979395368,,,
1475,50.95584953,8.26726021,,,
1476,50.94892001,8.347574244,,,
1477,51.1098082,8.349793388,,,
1478,50.95630614,8.273036142,,,
1479,51.09461957,8.085568108,,,
1480,50.99740502,8.289190023,,,
1481,51.14877755,8.170355188,,,
1482,51.10942863,8.141206357,,,
1483,50.96799898,8.265528012,,,
1484,51.03273711,8.494022764,,,
1485,51.12498357,8.112654271,,,
1486,51.04321527,8.519021265,,,
1487,51.08712251,8.294412026,,,
1488,51.09562611,8.301224564,,,
1489,51.17608213,8.056051491,,,
1490,51.21072023,7.972505967,,,
1491,51.2275783,7.939243427,,,
1492,51.00387615,8.473408927,,,
1493,51.20529966,8.042311637,,,
1494,51.09900065,8.248719539,,,
1495,51.21662885,8.015188113,,,
1496,51.16947248,8.052744715,,,
1497,51.07140428,8.014498023,,,
1498,50.997267,8.461239731,,,
1499,51.19039119,7.972358603,,,
1500,51.21907448,8.02528373,,,
1501,51.13622483,8.430416902,,,
1502,51.18303473,8.058216811,,,
1503,51.1165171,8.392721758,,,
1504,51.17806339,8.068301813,,,
1505,51.09752232,8.416862895,,,
1506,51.08078697,8.262313133,,,
1507,50.98274028,8.430573055,,,
1508,51.09803335,8.037124907,,,
1509,50.97146553,8.277440641,,,
1510,51.12222001,8.080213291,,,
1511,51.07232448,8.491638667,,,
1512,51.21432018,7.999973031,,,
1513,51.21878483,7.987345746,,,
1514,51.10307916,8.199062002,,,
1515,51.10560285,7.859099263,,,
1516,51.11670911,8.353661981,,,
1517,51.08443777,7.917127018,,,
1518,51.08459803,8.076798279,,,
1519,51.09518123,7.953853349,,,
1520,50.98107051,8.405194658,,,
1521,51.21642026,8.070366944,,,
1522,51.07965455,8.172045229,,,
1523,51.21970882,8.091109988,,,
1524,51.11861279,8.193813083,,,
1525,51.11833999,8.123125726,,,
1526,51.23160636,8.135669366,,,
1527,51.019472,8.386925466,,,
1528,51.14124979,8.125441039,,,
1529,51.11587563,8.285948304,,,
1530,51.01571056,8.20205788,,,
1531,51.15181935,8.474782427,,,
1532,51.04762146,8.212217974,,,
1533,51.12661751,8.153790195,,,
1534,51.05821154,8.37932296,,,
1535,51.09237637,8.118193163,,,
1536,50.96909875,8.2981535,,,
1537,51.23234011,7.913216676,,,
1538,51.07882176,8.386936141,,,
1539,51.1656191,7.897028815,,,
1540,51.09095378,8.040761344,,,
1541,51.05188249,8.329918234,,,
1542,50.97596605,8.357491077,,,
1543,51.04437623,8.498048391,,,
1544,51.01415199,8.473813988,,,
1545,51.01486543,8.379545419,,,
1546,51.10868049,7.998069998,,,
1547,51.08899524,8.128898307,,,
1548,51.13210324,8.075229548,,,
1549,51.05435009,8.33763312,,,
1550,51.10657221,8.187606199,,,
1551,51.07172525,8.33145847,,,
1552,51.03274792,8.512081448,,,
1553,51.14838427,8.489340874,,,
1554,51.14496599,8.071808201,,,
1555,51.23033766,8.117241464,,,
1556,51.11886439,7.863778477,,,
1557,51.24854422,8.076760051,,,
1558,51.1006943,8.02464171,,,
1559,51.09699224,8.137178298,,,
1560,51.17549329,7.989057334,,,
1561,51.01784215,8.348989772,,,
1562,51.23833851,8.029448027,,,
1563,51.08235785,8.456845428,,,
1564,51.08826809,7.963215291,,,
1565,51.03666076,8.293300026,,,
1566,51.2342247,7.942774365,,,
1567,51.06128039,8.236336628,,,
1568,51.08483086,8.482883728,,,
1569,51.22397789,8.103792291,,,
1570,51.14086422,8.509885544,,,
1571,51.08695323,8.13318501,,,
1572,51.00763746,8.507985511,,,
1573,51.03921768,8.300229519,,,
1574,51.07105628,8.262140347,,,
1575,51.10093229,8.483344169,,,
1576,51.08715033,8.193685326,,,
1577,51.2429919,8.084812983,,,
1578,51.24022913,7.962318543,,,
1579,51.11929781,8.407099711,,,
1580,51.02800752,8.361064027,,,
1581,51.13515316,8.098376386,,,
1582,51.13432423,8.099932922,,,
1583,51.18755464,8.095931682,,,
1584,51.10489291,8.030575857,,,
1585,51.10492591,8.062177211,,,
1586,51.07589591,8.110506911,,,
1587,51.08969186,8.458592191,,,
1588,51.12365098,8.096188787,,,
1589,50.93095428,8.280210468,,,
1590,50.95444495,8.331107243,,,
1591,50.96659268,8.264915797,,,
1592,51.10173729,8.318583841,,,
1593,51.08821123,8.146392939,,,
1594,51.10661388,8.383433612,,,
1595,51.05426654,8.297962172,,,
1596,50.94916727,8.307744286,,,
1597,51.08140119,8.063710298,,,
1598,51.0772641,8.354580373,,,
1599,51.13338759,7.831093262,,,
1600,51.23908573,8.120313643,,,
1601,51.10393402,8.413259863,,,
1602,51.07031438,8.064531124,,,
1603,51.16129323,7.883300289,,,
1604,51.10123309,8.35608485,,,
1605,51.015837,8.330013547,,,
1606,51.18590486,7.964270541,,,
1607,50.98806411,8.467465529,,,
1608,51.12753114,8.159303867,,,
1609,51.09840623,8.039582841,,,
1610,51.08410268,8.00139606,,,
1611,51.13529167,8.101514611,,,
1612,51.14340612,8.194095089,,,
1613,51.03232412,8.22724974,,,
1614,51.04302757,8.335111148,,,
1615,51.00670486,8.511540198,,,
1616,51.07498371,8.046671492,,,
1617,51.07224069,8.482015004,,,
1618,51.05006606,8.423692465,,,
1619,51.13910602,8.159431935,,,
1620,51.18667153,7.940866761,,,
1621,51.04021721,8.220740939,,,
1622,51.13950654,7.877644022,,,
1623,51.20035327,7.924882542,,,
1624,51.22037649,7.978484316,,,
1625,51.08188264,8.265712375,,,
1626,51.03215355,8.28588883,,,
1627,51.07448293,8.375351533,,,
1628,51.10822644,7.861023583,,,
1629,50.95347464,8.452890923,,,
1630,51.05566119,8.465671784,,,
1631,51.07863197,8.001613078,,,
1632,51.1085802,8.164640421,,,
1633,51.07425743,8.281733861,,,
1634,51.1332884,8.106860273,,,
1635,51.04174227,8.231066454,,,
1636,50.93422485,8.369818121,,,
1637,51.1798165,8.01333963,,,
1638,51.21559586,8.009284277,,,
1639,51.10266175,8.107685959,,,
1640,51.05022175,8.421734119,,,
1641,51.09785269,8.510083053,,,
1642,51.07762189,7.985878328,,,
1643,51.01684745,8.406748437,,,
1644,51.09379345,8.260064814,,,
1645,51.15866027,8.13862114,,,
1646,51.10209965,8.378746412,,,
1647,51.0303944,8.398900465,,,
1648,51.10332172,8.054301435,,,
1649,51.12492426,8.466247913,,,
1650,50.9797665,8.433496952,,,
1651,51.01828609,8.338080735,,,
1652,51.00375641,8.264497473,,,
1653,51.07233292,8.249669161,,,
1654,51.01606936,8.219005233,,,
1655,51.16825843,8.119109548,,,
1656,51.08313629,8.292781802,,,
1657,51.08487958,8.430578235,,,
1658,51.16261001,7.928992751,,,
1659,51.11685206,7.980662731,,,
1660,50.93678128,8.294952265,,,
1661,51.07784936,8.402359942,,,
1662,50.96895653,8.374769792,,,
1663,51.11094403,8.487690509,,,
1664,51.09781,8.175708813,,,
1665,50.98451005,8.347100832,,,
1666,51.03726788,8.47612523,,,
1667,50.9632336,8.273469241,,,
1668,51.11659005,8.437171332,,,
1669,51.15243613,8.084083414,,,
1670,51.11193031,8.464309902,,,
1671,51.04875647,8.469769635,,,
1672,51.17533226,8.051114945,,,
1673,51.13294412,7.989418093,,,
1674,51.08324036,8.372884182,,,
1675,50.96646389,8.33877881,,,
1676,51.10681809,8.003911061,,,
1677,51.17232669,8.07429721,,,
1678,51.12330597,8.018110163,,,
1679,51.11578291,8.394774073,,,
1680,51.16131968,8.509568662,,,
1681,50.9916538,8.424908357,,,
1682,51.07396149,7.991260158,,,
1683,51.10845021,8.228395527,,,
1684,51.07135767,8.372424181,,,
1685,51.15713033,8.079249503,,,
1686,51.20090253,8.119151871,,,
1687,51.23155584,7.967917584,,,
1688,50.96308453,8.388782191,,,
1689,51.11976811,8.272841929,,,
1690,51.04489631,8.490110145,,,
1691,51.03262329,8.406539756,,,
1692,51.07494742,8.221009218,,,
1693,51.07885863,8.284984207,,,
1694,51.12210763,8.231017006,,,
1695,51.01769905,8.212631586,,,
1696,51.09244022,8.266196488,,,
1697,51.0611866,8.416147537,,,
1698,51.19029507,7.937090875,,,
1699,51.04889929,8.369959594,,,
1700,51.08422633,8.410750315,,,
1701,51.06454254,8.254379173,,,
1702,51.09830032,8.451056046,,,
1703,51.10074984,8.058928366,,,
1704,51.07795113,8.198274567,,,
1705,50.94880685,8.382322462,,,
1706,50.9503648,8.267552626,,,
1707,51.17131057,8.060947709,,,
1708,51.10192663,7.894972156,,,
1709,50.97117072,8.467014975,,,
1710,51.0489335,8.214758727,,,
1711,51.13899889,8.111761171,,,
1712,51.15465798,8.495198524,,,
1713,51.10841039,8.184521866,,,
1714,51.20971397,8.109653712,,,
1715,50.96777859,8.367766835,,,
1716,51.04922747,8.242686938,,,
1717,50.95429723,8.333800309,,,
1718,51.16610962,8.120838725,,,
1719,50.97992783,8.41693282,,,
1720,50.94628354,8.37883275,,,
1721,51.20544508,8.118897035,,,
1722,51.11413254,7.908421139,,,
1723,51.14013097,8.193471974,,,
1724,51.16181361,7.967042264,,,
1725,51.06524393,8.50745539,,,
1726,51.009899,8.240624181,,,
1727,51.01126172,8.47077423,,,
1728,50.9799384,8.414649567,,,
1729,51.21943127,8.13778425,,,
1730,51.09093581,8.365421395,,,
1731,51.14360581,8.010250462,,,
1732,51.07858145,8.448839574,,,
1733,51.10397005,8.372994761,,,
1734,51.13678457,8.436560626,,,
1735,50.97250443,8.410634986,,,
1736,51.05240941,8.4765655,,,
1737,51.09200788,8.086638393,,,
1738,50.98075191,8.480585095,,,
1739,51.15881222,8.150984429,,,
1740,51.24123872,8.115796609,,,
1741,51.17208005,8.024504237,,,
1742,51.08524184,8.028915552,,,
1743,50.9387394,8.378023811,,,
1744,50.9724428,8.442389552,,,
1745,51.24102998,8.107369948,,,
1746,50.95759425,8.392011299,,,
1747,51.00447158,8.488847039,,,
1748,51.14027945,7.870528069,,,
1749,51.13064542,8.140904309,,,
1750,50.93981275,8.433362329,,,
1751,51.10508549,8.40232505,,,
1752,51.01564845,8.287325146,,,
1753,51.14825243,8.140025838,,,
1754,51.16496205,8.117144603,,,
1755,50.93746962,8.397135827,,,
1756,51.2300189,7.97852189,,,
1757,51.01796238,8.433249352,,,
1758,51.13651495,8.06002932,,,
1759,50.9302474,8.349458444,,,
1760,51.09077582,8.159055253,,,
1761,51.10574745,8.118113955,,,
1762,51.16606033,8.118060428,,,
1763,51.11276614,8.23886786,,,
1764,51.21640915,8.061118914,,,
1765,51.08018604,7.894947858,,,
1766,50.9686029,8.43779752,,,
1767,51.19637766,8.128105329,,,
1768,51.06793797,8.257100593,,,
1769,50.9570917,8.369018205,,,
1770,51.12237011,8.386185488,,,
1771,51.22002194,7.98280082,,,
1772,51.18407292,7.952721958,,,
1773,51.2012322,8.033797016,,,
1774,50.9330783,8.37057262,,,
1775,51.05308759,8.471691372,,,
1776,50.95880369,8.441997723,,,
1777,51.09930829,8.101437071,,,
1778,51.04019388,8.292040524,,,
1779,51.04027911,8.387084962,,,
1780,51.19432897,8.095040291,,,
1781,51.11757171,8.287392474,,,
1782,51.1415943,8.450811599,,,
1783,51.10369244,8.031794012,,,
1784,51.08850273,8.383458516,,,
1785,51.06455167,8.461465777,,,
1786,51.0896768,7.921623637,,,
1787,51.0679072,8.355014573,,,
1788,51.08415663,8.470373348,,,
1789,51.21051978,8.092507484,,,
1790,51.11232333,7.977573814,,,
1791,51.23557397,7.937668607,,,
1792,51.11546078,8.502989316,,,
1793,51.13138198,8.165006895,,,
1794,51.03410479,8.259632489,,,
1795,51.14154431,7.959377142,,,
1796,51.12143871,7.944986075,,,
1797,50.93417639,8.404004051,,,
1798,51.16510111,7.863917043,,,
1799,51.1151552,8.008536789,,,
1800,51.04344449,8.458716478,,,
1801,51.08934583,8.430357643,,,
1802,51.08123195,8.29065691,,,
1803,50.9642582,8.379020399,,,
1804,51.11283476,7.917170886,,,
1805,50.98854242,8.435930279,,,
1806,51.1237937,8.369041805,,,
1807,50.98908638,8.421133597,,,
1808,51.07005379,8.21907186,,,
1809,51.08098879,8.210260634,,,
1810,51.0977895,8.246010766,,,
1811,51.03955569,8.251817467,,,
1812,51.05271588,8.241992458,,,
1813,51.07344726,8.485747348,,,
1814,51.02623343,8.354784773,,,
1815,51.08660757,8.146426219,,,
1816,51.05585479,8.430417868,,,
1817,51.10654271,8.249330364,,,
1818,51.12146398,8.12593182,,,
1819,51.18766751,8.136763961,,,
1820,51.06199453,8.288886248,,,
1821,51.0901187,8.440833372,,,
1822,51.06309352,8.480392979,,,
1823,51.22615503,8.020242945,,,
1824,51.00957414,8.496119346,,,
1825,51.14396334,8.170872826,,,
1826,50.98154063,8.352038465,,,
1827,51.12064472,8.139022893,,,
1828,51.09542533,7.900583433,,,
1829,51.13056348,8.169651719,,,
1830,51.08913284,8.443383064,,,
1831,51.14374165,8.146452008,,,
1832,51.1000424,7.943995391,,,
1833,50.95794079,8.332197928,,,
1834,50.93971363,8.354989177,,,
1835,51.1609664,7.898895345,,,
1836,51.09900126,7.877499652,,,
1837,51.02245173,8.302744625,,,
1838,51.08334624,8.428944019,,,
1839,51.17253583,7.899975558,,,
1840,51.1391932,8.156067196,,,
1841,51.19151332,7.947446479,,,
1842,51.08443243,8.214757712,,,
1843,51.04269038,8.21885438,,,
1844,50.96620231,8.331423486,,,
1845,51.16702399,8.007452513,,,
1846,51.22201362,7.998028036,,,
1847,51.12559567,8.13765575,,,
1848,51.07263553,8.229646968,,,
1849,51.03015137,8.291034113,,,
1850,51.09749702,8.020778771,,,
1851,51.09391649,8.109742262,,,
1852,51.12674456,8.087437147,,,
1853,51.10831049,8.302155492,,,
1854,50.95637858,8.341825079,,,
1855,50.9925998,8.473540377,,,
1856,51.20151443,7.95634404,,,
1857,51.20041965,8.095118089,,,
1858,51.01962977,8.231757318,,,
1859,51.12510488,8.120210963,,,
1860,50.94515832,8.377160302,,,
1861,51.03328762,8.400411078,,,
1862,51.13376764,8.058696286,,,
1863,51.146102,8.471386091,,,
1864,51.11180875,8.392591019,,,
1865,51.04537171,8.444377353,,,
1866,51.14314797,8.478106851,,,
1867,51.09999088,8.17972485,,,
1868,51.10031477,8.282004073,,,
1869,51.06243262,8.310115589,,,
1870,51.05041745,8.454001131,,,
1871,50.98987698,8.486771529,,,
1872,51.017141,8.247509394,,,
1873,51.13452499,8.069434522,,,
1874,51.15850947,7.975097971,,,
1875,51.11095499,8.052291736,,,
1876,51.12711295,8.111968427,,,
1877,51.13524002,7.957188258,,,
1878,51.1989662,8.007712439,,,
1879,51.12214529,8.486587736,,,
1880,51.16888381,8.07236584,,,
1881,50.97497146,8.281942378,,,
1882,51.22423005,8.026751648,,,
1883,50.9813469,8.345422475,,,
1884,51.05247359,8.237726876,,,
1885,51.01100283,8.458361417,,,
1886,51.12245803,8.315136805,,,
1887,51.10489324,8.249104116,,,
1888,50.93998609,8.419290892,,,
1889,51.05985812,8.495875109,,,
1890,51.03744782,8.408037537,,,
1891,51.05359364,8.497373699,,,
1892,51.03526587,8.440185023,,,
1893,51.04644278,8.420249662,,,
1894,51.06898198,8.426919763,,,
1895,51.04577157,8.279831215,,,
1896,50.95584633,8.42527469,,,
1897,50.93550658,8.268103984,,,
1898,51.13355463,8.468257488,,,
1899,50.98572507,8.428139142,,,
1900,50.98083559,8.431884562,,,
1901,51.08555807,8.352915487,,,
1902,51.01201484,8.3796695,,,
1903,51.05672948,8.310291524,,,
1904,50.94149951,8.401853656,,,
1905,51.15356604,7.976672429,,,
1906,51.0746685,8.244648383,,,
1907,51.22273223,8.063093983,,,
1908,51.04570197,8.206100837,,,
1909,50.99060639,8.439956795,,,
1910,50.94683025,8.275256214,,,
1911,51.13818745,7.874490672,,,
1912,50.99515232,8.32509643,,,
1913,51.07543257,8.372476919,,,
1914,51.16448965,8.088059249,,,
1915,51.10044768,8.49727126,,,
1916,51.02871561,8.257574701,,,
1917,51.15061416,7.832876948,,,
1918,50.96492762,8.335285954,,,
1919,51.1868379,8.055846837,,,
1920,51.08810943,8.226932787,,,
1921,51.09545699,8.074880613,,,
1922,51.05332705,8.346222269,,,
1923,50.97157557,8.454302415,,,
1924,50.98397175,8.466535961,,,
1925,51.13397151,7.967935054,,,
1926,51.19153744,8.134082583,,,
1927,51.19492661,7.944126716,,,
1928,51.07843942,8.208545029,,,
1929,51.09162152,8.156321949,,,
1930,51.17332577,8.083906722,,,
1931,51.0966618,7.884057685,,,
1932,51.23534495,7.919220105,,,
1933,51.09055653,7.964149558,,,
1934,51.12230332,8.496317591,,,
1935,51.08805577,8.422245509,,,
1936,51.10379376,8.267547415,,,
1937,51.03536947,8.294928265,,,
1938,51.04117023,8.448688923,,,
1939,51.08514665,8.311829247,,,
1940,51.10540734,8.30257734,,,
1941,51.02236297,8.428481058,,,
1942,51.14916503,8.449096366,,,
1943,51.15810396,7.853190281,,,
1944,50.93895459,8.410577743,,,
1945,51.06570488,8.416496387,,,
1946,51.03541257,8.430335192,,,
1947,51.15374458,7.916242492,,,
1948,51.24358997,7.937210152,,,
1949,51.10816837,7.9794081,,,
1950,51.07300824,8.218356778,,,
1951,51.08273521,8.203694187,,,
1952,51.06063918,8.237730317,,,
1953,51.05383535,8.403164923,,,
1954,51.0854429,8.207776806,,,
1955,51.23422807,8.000754227,,,
1956,51.05657937,8.360108767,,,
1957,51.15973727,7.912635201,,,
1958,51.10400419,8.040460989,,,
1959,51.02170475,8.490929587,,,
1960,51.14478466,8.086576025,,,
1961,51.21516095,8.134782011,,,
1962,51.0949472,8.457186772,,,
1963,51.10808296,7.977270549,,,
1964,51.12675402,8.063704322,,,
1965,51.02266555,8.37852715,,,
1966,51.0499421,8.225184121,,,
1967,51.10112574,8.489686944,,,
1968,51.09878263,8.279787982,,,
1969,51.07929498,8.161536979,,,
1970,51.21705639,8.005335549,,,
1971,51.1218897,8.321776239,,,
1972,50.99979321,8.232487352,,,
1973,51.14399866,7.849136689,,,
1974,51.03168808,8.309584036,,,
1975,50.97628109,8.361423458,,,
1976,51.12728132,7.849865296,,,
1977,51.06797022,8.364231216,,,
1978,51.04940029,8.25791871,,,
1979,51.10969074,8.00658907,,,
1980,51.12835049,7.841743797,,,
1981,51.03660998,8.511841081,,,
1982,51.14218862,8.076291787,,,
1983,50.94577813,8.446018599,,,
1984,51.04728437,8.231824957,,,
1985,51.04121067,8.249032381,,,
1986,51.14013539,8.191868954,,,
1987,51.06302624,8.232701299,,,
1988,51.00266927,8.447018265,,,
1989,51.09535344,8.204248756,,,
1990,50.94254968,8.350655348,,,
1991,51.21098858,8.102829665,,,
1992,51.13687006,8.433419415,,,
1993,51.17088582,7.877340312,,,
1994,51.12049226,8.25450348,,,
1995,51.03646632,8.486502402,,,
1996,51.09073305,8.448438748,,,
1997,51.15604133,7.918066081,,,
1998,51.0653164,8.26710067,,,
1999,51.19974982,8.017603276,,,
2000,50.96476685,8.37244869,,,
